fruta_id,es_grande,es_pesada,textura_firme,sin_defectos_superficie,color_homogeneo,calidad_real
DES170,0,1,1,0,1,descarte
PRM054,1,1,0,0,1,premium
PRM016,1,1,1,0,1,premium
PRM043,1,1,1,1,1,premium
PRM014,1,1,1,1,1,premium
PRM037,1,1,1,0,1,premium
COM061,0,0,0,0,0,comercial
DES124,0,1,1,0,1,descarte
COM062,0,0,0,0,0,comercial
PRM020,1,1,0,1,1,premium
COM066,0,0,0,0,0,comercial
PRM031,1,1,1,1,0,premium
DES150,1,1,1,0,1,descarte
PRM003,1,1,1,1,1,premium
COM119,0,0,0,1,0,comercial
DES128,0,0,1,0,1,descarte
COM120,1,1,0,1,1,comercial
DES161,0,0,1,0,1,descarte
DES171,0,0,1,0,1,descarte
COM067,0,0,0,0,0,comercial
COM096,0,0,0,1,1,comercial
DES175,1,1,0,0,0,descarte
PRM026,1,1,0,1,1,premium
COM095,0,0,0,1,1,comercial
DES122,0,0,1,0,0,descarte
DES145,0,0,1,1,0,descarte
DES176,1,1,1,0,0,descarte
COM075,0,0,0,0,0,comercial
DES143,0,0,1,0,0,descarte
DES147,1,1,1,0,1,descarte
PRM015,1,1,0,1,1,premium
PRM053,1,1,0,0,1,premium
DES163,0,0,1,0,0,descarte
COM106,0,0,0,1,0,comercial
PRM045,0,1,1,0,1,premium
COM100,0,0,0,1,1,comercial
COM070,0,0,0,0,0,comercial
COM081,1,1,0,0,0,comercial
DES156,0,0,1,0,1,descarte
PRM001,1,1,1,1,1,premium
COM117,1,1,0,0,0,comercial
PRM017,1,1,1,0,1,premium
DES138,0,0,1,1,1,descarte
DES127,0,0,1,0,1,descarte
COM102,0,0,0,1,0,comercial
COM065,0,0,0,0,0,comercial
DES141,0,0,1,0,1,descarte
COM084,0,0,0,1,1,comercial
PRM039,1,1,1,1,1,premium
DES132,1,1,1,0,1,descarte
PRM044,1,1,1,0,1,premium
COM074,0,0,0,1,0,comercial
DES123,0,0,1,0,0,descarte
COM077,1,1,0,0,0,comercial
COM103,0,0,0,1,0,comercial
DES157,0,0,1,1,1,descarte
DES146,1,1,1,0,1,descarte
PRM004,1,1,0,1,1,premium
DES142,0,0,1,0,0,descarte
PRM006,1,1,0,1,1,premium
DES125,0,0,1,0,1,descarte
PRM033,1,0,1,1,1,premium
COM080,0,0,0,0,0,comercial
COM091,1,0,0,0,0,comercial
COM113,1,0,0,1,1,comercial
DES158,0,0,1,0,1,descarte
PRM055,1,1,1,0,1,premium
DES177,1,1,1,0,0,descarte
DES134,0,1,1,0,0,descarte
DES129,0,0,1,0,1,descarte
PRM034,1,1,0,0,0,premium
PRM019,1,1,0,1,1,premium
COM116,1,1,0,1,0,comercial
DES159,0,0,1,0,1,descarte
COM064,0,0,1,0,0,comercial
COM079,0,0,0,0,0,comercial
COM104,0,0,0,1,1,comercial
COM073,0,0,0,0,0,comercial
PRM028,1,1,0,1,0,premium
DES168,0,0,1,0,1,descarte
DES131,0,0,1,0,1,descarte
PRM052,1,1,0,0,1,premium
DES154,1,1,1,0,1,descarte
PRM005,1,1,0,1,1,premium
DES121,0,1,1,1,0,descarte
DES167,0,0,1,0,1,descarte
PRM042,1,1,1,1,1,premium
COM105,0,0,0,1,1,comercial
DES179,0,0,1,0,0,descarte
DES148,0,1,1,1,0,descarte
DES139,0,0,1,1,1,descarte
COM101,0,0,0,1,0,comercial
COM114,0,0,0,1,0,comercial
DES136,0,0,1,0,0,descarte
DES180,0,0,1,0,0,descarte
COM112,1,1,0,1,1,comercial
DES135,0,0,1,0,0,descarte
COM094,0,0,0,1,1,comercial
COM069,0,0,1,1,0,comercial
PRM022,1,1,0,1,0,premium
DES162,0,0,1,0,1,descarte
COM078,1,1,0,0,0,comercial
PRM010,1,1,1,1,1,premium
COM083,0,0,0,0,0,comercial
DES149,0,0,1,1,1,descarte
COM090,1,0,0,0,0,comercial
PRM035,1,1,0,0,0,premium
COM086,1,1,0,1,0,comercial
DES160,0,0,1,1,1,descarte
PRM046,1,1,0,1,0,premium
PRM048,1,1,0,1,1,premium
DES133,0,0,1,0,1,descarte
PRM047,1,1,1,0,1,premium
COM107,1,0,0,1,0,comercial
COM082,1,1,0,0,0,comercial
PRM059,1,1,0,1,0,premium
DES174,1,1,0,0,0,descarte
PRM049,1,1,1,0,1,premium
PRM013,1,1,1,1,1,premium
COM111,1,1,0,1,0,comercial
DES126,0,0,1,1,0,descarte
COM110,1,0,0,1,0,comercial
PRM011,1,1,1,1,1,premium
PRM038,1,1,0,1,1,premium
COM099,0,0,0,1,0,comercial
PRM030,1,1,1,1,0,premium
COM085,0,0,0,1,0,comercial
DES137,0,0,1,1,0,descarte
PRM018,1,1,1,0,1,premium
PRM050,1,1,0,1,0,premium
COM093,0,0,0,0,0,comercial
COM076,0,0,0,0,0,comercial
PRM021,1,1,1,0,1,premium
COM097,0,0,0,1,1,comercial
PRM032,1,1,1,1,0,premium
COM118,0,0,0,1,0,comercial
PRM012,1,1,1,0,0,premium
COM068,0,0,1,0,1,comercial
COM089,1,0,0,1,0,comercial
COM092,0,0,0,1,0,comercial
PRM025,1,1,1,0,1,premium
COM098,0,0,0,1,1,comercial
DES166,0,0,1,1,1,descarte
DES173,1,1,0,0,0,descarte
COM087,0,0,1,0,0,comercial
DES165,0,0,1,0,1,descarte
PRM040,1,1,0,1,0,premium
DES153,0,1,1,1,1,descarte
COM088,0,0,0,1,0,comercial
DES169,0,0,1,1,1,descarte
PRM041,1,1,0,1,1,premium
PRM002,1,1,1,0,1,premium
COM072,0,0,0,0,0,comercial
DES151,0,1,1,0,1,descarte
COM115,1,1,0,1,0,comercial
PRM057,1,1,0,1,0,premium
COM108,1,1,0,1,0,comercial
DES172,0,0,1,0,1,descarte
PRM051,1,1,0,1,0,premium
DES144,0,0,1,0,1,descarte
DES178,1,1,1,0,0,descarte
DES155,0,0,1,1,0,descarte
DES130,0,0,1,1,1,descarte
PRM060,1,1,0,1,0,premium
PRM056,1,1,0,1,1,premium
PRM024,1,1,0,1,0,premium
PRM008,1,1,1,1,1,premium
PRM009,1,1,1,1,1,premium
COM109,1,0,0,1,0,comercial
DES152,1,1,1,1,0,descarte
PRM023,1,1,0,1,1,premium
DES140,0,0,1,1,1,descarte
PRM027,1,1,0,1,0,premium
PRM036,1,1,0,0,1,premium
PRM058,1,1,1,0,1,premium
COM063,0,0,0,0,0,comercial
COM071,0,0,0,0,0,comercial
PRM007,1,1,0,1,1,premium
PRM029,1,1,1,1,0,premium
DES164,0,0,1,0,0,descarte
